,Learning rate,Hidden layers,Layer width,Dropout rate,L2 penalty
0,0.053756,4,75,0.2,0.001
1,0.009623,10,75,0.2,0.001
2,0.020373,4,75,0.2,0.001
3,0.007051,10,75,0.2,0.001
4,0.031699,4,75,0.2,0.001
5,0.023822,8,75,0.2,0.001
6,0.050998,2,75,0.2,0.001
7,0.019950,8,75,0.2,0.001
8,0.076682,4,75,0.2,0.001
9,0.008646,10,75,0.2,0.001
10,0.011217,8,75,0.2,0.001
11,0.043114,4,75,0.2,0.001
12,0.067415,4,75,0.2,0.001
13,0.079420,2,75,0.2,0.001
14,0.062705,4,75,0.2,0.001
