,Learning rate,Hidden layers,Layer width,Dropout rate,L2 penalty
0,0.017771,2,120,0.2,0.001
1,0.004969,2,120,0.2,0.001
2,0.020326,2,120,0.2,0.001
3,0.026351,4,120,0.2,0.001
4,0.005332,2,120,0.2,0.001
5,0.006563,2,60,0.2,0.001
6,0.017186,8,120,0.2,0.001
7,0.009667,4,120,0.2,0.001
8,0.023909,2,30,0.2,0.001
9,0.100000,2,75,0.2,0.001
10,0.045931,6,75,0.2,0.001
11,0.037802,4,120,0.2,0.001
12,0.100000,2,120,0.2,0.001
13,0.085129,2,105,0.2,0.001
14,0.090691,2,60,0.2,0.001
