,Learning rate,Hidden layers,Layer width,Dropout rate,L2 penalty
0,0.045386,4,75,0.2,0.001
1,0.033335,6,75,0.2,0.001
2,0.005805,2,75,0.2,0.001
3,0.019245,8,75,0.2,0.001
4,0.066054,4,75,0.2,0.001
5,0.100000,2,75,0.2,0.001
6,0.058739,2,75,0.2,0.001
7,0.100000,2,75,0.2,0.001
8,0.007749,10,75,0.2,0.001
9,0.037568,2,75,0.2,0.001
10,0.008333,2,75,0.2,0.001
11,0.007840,2,75,0.2,0.001
12,0.008795,10,75,0.2,0.001
13,0.016330,2,75,0.2,0.001
14,0.007161,10,75,0.2,0.001
