,Learning rate,Hidden layers,Layer width,Dropout rate,L2 penalty
0,0.061086,6,70,0.2,0.001
1,0.028097,6,70,0.2,0.001
2,0.029203,6,70,0.2,0.001
3,0.058032,6,70,0.2,0.001
4,0.008964,6,70,0.2,0.001
5,0.031935,6,70,0.2,0.001
6,0.039364,6,70,0.2,0.001
7,0.019722,6,70,0.2,0.001
8,0.031454,6,70,0.2,0.001
9,0.015146,6,70,0.2,0.001
10,0.071717,6,70,0.2,0.001
11,0.005265,6,70,0.2,0.001
12,0.054283,6,70,0.2,0.001
13,0.005527,6,70,0.2,0.001
14,0.015418,6,70,0.2,0.001
