,Learning rate,Hidden layers,Layer width,Dropout rate,L2 penalty
0,0.036954,4,90,0.2,0.001
1,0.038285,4,60,0.2,0.001
2,0.013764,2,75,0.2,0.001
3,0.078412,4,120,0.2,0.001
4,0.035482,4,90,0.2,0.001
5,0.009841,6,105,0.2,0.001
6,0.029415,8,90,0.2,0.001
7,0.018969,2,60,0.2,0.001
8,0.035863,4,105,0.2,0.001
9,0.003153,2,60,0.2,0.001
10,0.049789,2,75,0.2,0.001
11,0.059467,4,90,0.2,0.001
12,0.013808,4,120,0.2,0.001
13,0.027011,2,120,0.2,0.001
14,0.020445,2,75,0.2,0.001
