,Learning rate,Hidden layers,Layer width,Dropout rate,L2 penalty
0,0.004058,2,105,0.024,0.001
1,0.007495,4,45,0.034,0.001
2,0.000620,8,75,0.000,0.001
3,0.003422,4,75,0.013,0.001
4,0.000330,4,105,0.028,0.001
5,0.000274,4,75,0.001,0.001
6,0.000075,8,105,0.001,0.001
7,0.000105,4,90,0.023,0.001
8,0.002494,4,60,0.011,0.001
9,0.009181,10,90,0.021,0.001
10,0.004834,8,105,0.002,0.001
11,0.010717,2,60,0.001,0.001
12,0.020375,4,105,0.010,0.001
13,0.007880,8,90,0.000,0.001
14,0.000560,4,60,0.006,0.001
