,Learning rate,Hidden layers,Layer width,Dropout rate,L2 penalty
0,0.038978,6,70,0.2,0.001
1,0.025517,6,70,0.2,0.001
2,0.014969,6,70,0.2,0.001
3,0.043859,6,70,0.2,0.001
4,0.033565,6,70,0.2,0.001
5,0.042346,6,70,0.2,0.001
6,0.012247,6,70,0.2,0.001
7,0.019587,6,70,0.2,0.001
8,0.026204,6,70,0.2,0.001
9,0.032201,6,70,0.2,0.001
10,0.015655,6,70,0.2,0.001
11,0.011580,6,70,0.2,0.001
12,0.027853,6,70,0.2,0.001
13,0.024381,6,70,0.2,0.001
14,0.008643,6,70,0.2,0.001
